id,word
1,abbreviated
2,abolished
3,acceptance
4,explanation
5,access
6,accompany
7,accumulated
8,conscious
9,address
10,gallant
11,adolescence
12,fluorescent
13,advertisement
14,capricious
15,agreeable
16,factitious
17,alliteration
18,distinguish
19,distressed
20,analogous
21,fatal
22,annoyance
23,excess
24,avidly
25,Fahrenheit
26,barracks
27,overwhelmingly
28,pastime
29,disguising
30,campaigning
31,desserts
32,equatorial
33,boutique
34,dichotomy
35,spendthrift
36,squelching
37,broccoli
38,brochures
39,camouflage
40,straggly
41,Pennsylvania
42,climber
43,acknowledge
44,college
45,efficient
46,eliminate
47,accommodating
48,committed
49,compassionate
50,encouragement
51,complement
52,arthritis
53,apprenticeship
54,bibliography
55,consequently
56,convenient
57,embarrassing
58,abbreviating
59,courageously
60,exhausted
61,criticism
62,acquired
63,curiously
64,eiderdown
65,borrowing
66,religious
67,reluctant
68,abbreviations
69,formally
70,delectable
71,barricade
72,transcription
73,unique
74,beverage
75,denouement
76,chlorophyll
77,cautious
78,accomplish
79,deserts
80,deteriorate
81,hastened
82,caricature
83,surrogate
84,blurry
85,devour
86,diarrhea
87,southern
88,mumbled
89,necessities
90,spatula
91,opposing
92,pharmaceutical
93,echoes
94,ellipsis
95,improper
96,screeched
97,embarrassed
98,continuously
99,embassy
100,horrendous
101,emission
102,endearment
103,compliment
104,endorse
105,crescent
106,dangerous
107,deceive
108,enticing
109,committee
110,entrepreneur
111,enunciate
112,disseminate
113,etymology
114,euphemism
115,changeable
116,exaggerated
117,excessive
118,dissonance
119,preliminary
120,exercising
121,concessionaire
122,extinction
123,extraterrestrial
124,dilemma
125,fascinating
126,proofread
127,omitting
128,assure
129,beneath
130,fragile
131,frugality
132,humiliate
133,humongous
134,antiques
135,ghastly
136,gypsies
137,haggling
138,hamper
139,patrolling
140,perseverance
141,carnivorous
142,heartache
143,eagerness
144,mysterious
145,hectare
146,ensue
147,facsimile
148,possessions
149,infectious
150,sympathy
151,overwhelmed
152,quizzed
153,posttest
154,hygiene
155,occurred
156,illegal
157,anxious
158,genocide
159,ridiculous
160,syndicate
161,ambassador
162,troublesome
163,imagery
164,unruly
165,trousers
166,straighten
167,immigrant
168,rebellion
169,impolite
170,segregate
171,inaccurate
172,stutter
173,insufficient
174,weird
175,irresponsible
176,knowledge
177,pronunciation
178,launch
179,vividly
180,prodigious
181,manuscripts
182,lofty
183,lounge
184,recommended
185,mattress
186,parody
187,meadow
188,thoroughly
189,tongue
190,illogical
191,tombstones
192,measles
193,recipe
194,mischievous
195,misquote
196,Mississippi
197,syndromŽ
198,neighborhood
199,rustic
200,presence
201,occasion
202,interfering
203,onomatopoeia
204,advice
205,ensemble
206,opossum
207,phenomena
208,eager
209,pheromones
210,interrupt
211,plagiarism
212,intrigue
213,platypus
214,immerse
215,pledge
216,ecclesiastical
217,muttered
218,plumber
219,intricate
220,preceding
221,lettuce
222,predators
223,essential
224,consonance
225,proceeding
226,whispered
227,ingenious
228,preface
229,interfered
230,liquidate
231,millionaires
232,privileges
233,humorous
234,syllabication
235,repulsive
236,professions
237,repetition
238,luxurious
239,parsley
240,grateful
241,breathe
242,rhymes
243,leisure
244,ravage
245,latter
246,receive
247,obituary
248,prerequisite
249,recent
250,renaissance
251,melancholic
252,queue
253,resuscitation
254,sloppiness
255,gist
256,separate
257,appetite
258,exceeding
259,appropriate
260,shattered
261,skiing
262,hypnotized
263,sledges
264,ominous
265,hyphenate
266,glittering
267,solemn
268,illegible
269,wealthy
270,plateau
271,solitary
272,hundredth
273,poisonous
274,scissors
275,playwright
276,immediate
277,strength
278,studious
279,succeed
280,previous
281,recurring
282,procession
283,syringe
284,techniques
285,Tennessee
286,tomorrow
287,likeable
288,rapport
289,innocence
290,wrapping
291,illuminate
292,receipt
293,knowledgeable
294,tumultuous
295,twentieth
296,unbelievable
297,formerly
298,beginning
299,underprivileged
300,necessary